# physiological trajectory around the mNGS specimen (day 0), KMUH whole-record extracts
# source: registry workbook + KMUH phenotyping output (PHI, outside this repository); generated by tables/make_trajectory.py; verified=yes
marker,window,group,metric,n,value,unit
,,died,days from specimen to death (median),31,15,days
temperature,pre,survived,median of per-patient medians,17,37.0,
temperature,d0-2,survived,median of per-patient medians,17,36.55,
temperature,d3-7,survived,median of per-patient medians,16,36.65,
temperature,d8-14,survived,median of per-patient medians,14,36.85,
temperature,d15-30,survived,median of per-patient medians,11,36.45,
temperature,pre,died,median of per-patient medians,28,36.75,
temperature,d0-2,died,median of per-patient medians,28,36.68,
temperature,d3-7,died,median of per-patient medians,29,36.5,
temperature,d8-14,died,median of per-patient medians,23,36.7,
temperature,d15-30,died,median of per-patient medians,15,36.8,
temperature,pre->d3-7,died,paired median change (Wilcoxon p in note),27,-0.5,p=0.001
temperature,pre->d3-7,survived,paired median change (Wilcoxon p in note),16,-0.05,p=0.701
temperature,pre->d3-7,died,"decedents improving, then worsening again",27,21,9 relapsed
platelets,pre,survived,median of per-patient medians,12,168.75,
platelets,d0-2,survived,median of per-patient medians,6,169.75,
platelets,d3-7,survived,median of per-patient medians,4,257.0,
platelets,d8-14,survived,median of per-patient medians,3,360.0,
platelets,d15-30,survived,median of per-patient medians,6,277.0,
platelets,pre,died,median of per-patient medians,23,82.0,
platelets,d0-2,died,median of per-patient medians,19,75.5,
platelets,d3-7,died,median of per-patient medians,15,48.5,
platelets,d8-14,died,median of per-patient medians,13,55.0,
platelets,d15-30,died,median of per-patient medians,12,47.5,
platelets,pre->d3-7,died,paired median change (Wilcoxon p in note),14,-19.25,p=0.004
platelets,pre->d3-7,died,"decedents improving, then worsening again",14,2,0 relapsed
lactate,pre,survived,median of per-patient medians,14,1.6,
lactate,d0-2,survived,median of per-patient medians,2,1.64,
lactate,d3-7,survived,median of per-patient medians,2,1.08,
lactate,d8-14,survived,median of per-patient medians,5,1.93,
lactate,d15-30,survived,median of per-patient medians,6,1.84,
lactate,pre,died,median of per-patient medians,21,2.69,
lactate,d0-2,died,median of per-patient medians,10,2.3,
lactate,d3-7,died,median of per-patient medians,9,2.69,
lactate,d8-14,died,median of per-patient medians,10,2.87,
lactate,d15-30,died,median of per-patient medians,13,3.55,
lactate,pre->d3-7,died,paired median change (Wilcoxon p in note),6,1.32,p=0.173
lactate,pre->d3-7,died,"decedents improving, then worsening again",6,2,1 relapsed
WBC,pre,survived,median of per-patient medians,12,10.82,
WBC,d0-2,survived,median of per-patient medians,7,8.95,
WBC,d3-7,survived,median of per-patient medians,5,10.02,
WBC,d8-14,survived,median of per-patient medians,3,9.13,
WBC,d15-30,survived,median of per-patient medians,6,11.8,
WBC,pre,died,median of per-patient medians,24,10.39,
WBC,d0-2,died,median of per-patient medians,21,9.82,
WBC,d3-7,died,median of per-patient medians,15,9.02,
WBC,d8-14,died,median of per-patient medians,12,9.93,
WBC,d15-30,died,median of per-patient medians,11,11.97,
WBC,pre->d3-7,died,paired median change (Wilcoxon p in note),14,-0.62,p=0.510
WBC,pre->d3-7,died,"decedents improving, then worsening again",14,7,2 relapsed
pO2,pre,survived,median of per-patient medians,16,89.67,
pO2,d0-2,survived,median of per-patient medians,17,108.75,
pO2,d3-7,survived,median of per-patient medians,16,96.32,
pO2,d8-14,survived,median of per-patient medians,14,109.45,
pO2,d15-30,survived,median of per-patient medians,10,89.03,
pO2,pre,died,median of per-patient medians,28,88.85,
pO2,d0-2,died,median of per-patient medians,28,93.57,
pO2,d3-7,died,median of per-patient medians,29,95.45,
pO2,d8-14,died,median of per-patient medians,24,91.45,
pO2,d15-30,died,median of per-patient medians,16,78.67,
pO2,pre->d3-7,died,paired median change (Wilcoxon p in note),27,2.9,p=0.167
pO2,pre->d3-7,survived,paired median change (Wilcoxon p in note),15,12.35,p=0.233
pO2,pre->d3-7,died,"decedents improving, then worsening again",27,17,12 relapsed
creatinine,pre,survived,median of per-patient medians,17,0.68,
creatinine,d0-2,survived,median of per-patient medians,17,0.69,
creatinine,d3-7,survived,median of per-patient medians,17,0.66,
creatinine,d8-14,survived,median of per-patient medians,17,0.64,
creatinine,d15-30,survived,median of per-patient medians,17,0.58,
creatinine,pre,died,median of per-patient medians,27,0.69,
creatinine,d0-2,died,median of per-patient medians,23,0.84,
creatinine,d3-7,died,median of per-patient medians,26,1.03,
creatinine,d8-14,died,median of per-patient medians,23,0.69,
creatinine,d15-30,died,median of per-patient medians,13,0.62,
creatinine,pre->d3-7,died,paired median change (Wilcoxon p in note),24,0.03,p=0.331
creatinine,pre->d3-7,survived,paired median change (Wilcoxon p in note),17,-0.04,p=0.113
creatinine,pre->d3-7,died,"decedents improving, then worsening again",24,10,3 relapsed
procalcitonin,pre,survived,median of per-patient medians,12,0.3,
procalcitonin,d0-2,survived,median of per-patient medians,1,0.19,
procalcitonin,d8-14,survived,median of per-patient medians,1,0.14,
procalcitonin,d15-30,survived,median of per-patient medians,5,0.03,
procalcitonin,pre,died,median of per-patient medians,20,1.2,
procalcitonin,d0-2,died,median of per-patient medians,3,1.55,
procalcitonin,d3-7,died,median of per-patient medians,2,0.52,
procalcitonin,d8-14,died,median of per-patient medians,5,0.86,
procalcitonin,d15-30,died,median of per-patient medians,5,2.89,
procalcitonin,pre->d3-7,died,"decedents improving, then worsening again",2,2,0 relapsed
temperature,pre,survived,patients with a maximum >= 38.0 C,17,5,29%
temperature,d0-2,survived,patients with a maximum >= 38.0 C,17,3,18%
temperature,d3-7,survived,patients with a maximum >= 38.0 C,16,2,12%
temperature,d8-14,survived,patients with a maximum >= 38.0 C,14,3,21%
temperature,d15-30,survived,patients with a maximum >= 38.0 C,11,0,0%
temperature,pre,died,patients with a maximum >= 38.0 C,28,11,39%
temperature,d0-2,died,patients with a maximum >= 38.0 C,28,5,18%
temperature,d3-7,died,patients with a maximum >= 38.0 C,29,1,3%
temperature,d8-14,died,patients with a maximum >= 38.0 C,23,3,13%
temperature,d15-30,died,patients with a maximum >= 38.0 C,15,1,7%
